{
  "us": [
    "New York, NY",
    "Los Angeles, CA",
    "Chicago, IL",
    "Houston, TX",
    "Phoenix, AZ",
    "Philadelphia, PA",
    "San Antonio, TX",
    "San Diego, CA",
    "Dallas, TX",
    "San Jose, CA",
    "Austin, TX",
    "Jacksonville, FL",
    "Fort Worth, TX",
    "Columbus, OH",
    "Charlotte, NC",
    "San Francisco, CA",
    "Indianapolis, IN",
    "Seattle, WA",
    "Denver, CO",
    "Washington, DC",
    "Boston, MA",
    "El Paso, TX",
    "Nashville-Davidson, TN",
    "Detroit, MI",
    "Oklahoma City, OK",
    "Portland, OR",
    "Las Vegas, NV",
    "Memphis, TN",
    "Louisville/Jefferson County, KY",
    "Baltimore, MD",
    "Milwaukee, WI",
    "Albuquerque, NM",
    "Tucson, AZ",
    "Fresno, CA",
    "Mesa, AZ",
    "Sacramento, CA",
    "Atlanta, GA",
    "Kansas City, MO",
    "Colorado Springs, CO",
    "Omaha, NE",
    "Raleigh, NC",
    "Miami, FL",
    "Long Beach, CA",
    "Virginia Beach, VA",
    "Oakland, CA",
    "Minneapolis, MN",
    "Tulsa, OK",
    "Tampa, FL",
    "Arlington, TX",
    "New Orleans, LA",
    "Wichita, KS",
    "Bakersfield, CA",
    "Cleveland, OH",
    "Aurora, CO",
    "Anaheim, CA",
    "Honolulu, HI",
    "Santa Ana, CA",
    "Riverside, CA",
    "Corpus Christi, TX",
    "Lexington-Fayette, KY",
    "Henderson, NV",
    "Stockton, CA",
    "St. Paul, MN",
    "Cincinnati, OH",
    "St. Louis, MO",
    "Pittsburgh, PA",
    "Greensboro, NC",
    "Lincoln, NE",
    "Anchorage, AK",
    "Plano, TX",
    "Orlando, FL",
    "Irvine, CA",
    "Newark, NJ",
    "Durham, NC",
    "Chula Vista, CA",
    "Toledo, OH",
    "Fort Wayne, IN",
    "St. Petersburg, FL",
    "Laredo, TX",
    "Jersey City, NJ",
    "Chandler, AZ",
    "Madison, WI",
    "Lubbock, TX",
    "Scottsdale, AZ",
    "Reno, NV",
    "Buffalo, NY",
    "Gilbert, AZ",
    "Glendale, AZ",
    "North Las Vegas, NV",
    "Winston-Salem, NC",
    "Chesapeake, VA",
    "Norfolk, VA",
    "Fremont, CA",
    "Garland, TX",
    "Irving, TX",
    "Hialeah, FL",
    "Richmond, VA",
    "Boise City, ID",
    "Spokane, WA",
    "Baton Rouge, LA",
    "Tacoma, WA",
    "San Bernardino, CA",
    "Modesto, CA",
    "Fontana, CA",
    "Des Moines, IA",
    "Moreno Valley, CA",
    "Santa Clarita, CA",
    "Fayetteville, NC",
    "Birmingham, AL",
    "Oxnard, CA",
    "Rochester, NY",
    "Port St. Lucie, FL",
    "Grand Rapids, MI",
    "Huntsville, AL",
    "Salt Lake City, UT",
    "Frisco, TX",
    "Yonkers, NY",
    "Amarillo, TX",
    "Glendale, CA",
    "Huntington Beach, CA",
    "McKinney, TX",
    "Montgomery, AL",
    "Augusta-Richmond County, GA",
    "Aurora, IL",
    "Akron, OH",
    "Little Rock, AR",
    "Tempe, AZ",
    "Columbus, GA",
    "Overland Park, KS",
    "Grand Prairie, TX",
    "Tallahassee, FL",
    "Cape Coral, FL",
    "Mobile, AL",
    "Knoxville, TN",
    "Shreveport, LA",
    "Worcester, MA",
    "Ontario, CA",
    "Vancouver, WA",
    "Sioux Falls, SD",
    "Chattanooga, TN",
    "Brownsville, TX",
    "Fort Lauderdale, FL",
    "Providence, RI",
    "Newport News, VA",
    "Rancho Cucamonga, CA",
    "Santa Rosa, CA",
    "Peoria, AZ",
    "Oceanside, CA",
    "Elk Grove, CA",
    "Salem, OR",
    "Pembroke Pines, FL",
    "Eugene, OR",
    "Garden Grove, CA",
    "Cary, NC",
    "Fort Collins, CO",
    "Corona, CA",
    "Springfield, MO",
    "Jackson, MS",
    "Alexandria, VA",
    "Hayward, CA",
    "Clarksville, TN",
    "Lakewood, CO",
    "Lancaster, CA",
    "Salinas, CA",
    "Palmdale, CA",
    "Hollywood, FL",
    "Springfield, MA",
    "Macon-Bibb County, GA",
    "Kansas City, KS",
    "Sunnyvale, CA",
    "Pomona, CA",
    "Killeen, TX",
    "Escondido, CA",
    "Pasadena, TX",
    "Naperville, IL",
    "Bellevue, WA",
    "Joliet, IL",
    "Murfreesboro, TN",
    "Midland, TX",
    "Rockford, IL",
    "Paterson, NJ",
    "Savannah, GA",
    "Bridgeport, CT",
    "Torrance, CA",
    "McAllen, TX",
    "Syracuse, NY",
    "Surprise, AZ",
    "Denton, TX",
    "Roseville, CA",
    "Thornton, CO",
    "Miramar, FL",
    "Pasadena, CA",
    "Mesquite, TX",
    "Olathe, KS",
    "Dayton, OH",
    "Carrollton, TX",
    "Waco, TX",
    "Orange, CA",
    "Fullerton, CA",
    "Charleston, SC",
    "West Valley City, UT",
    "Visalia, CA",
    "Hampton, VA",
    "Gainesville, FL",
    "Warren, MI",
    "Coral Springs, FL",
    "Cedar Rapids, IA",
    "Round Rock, TX",
    "Sterling Heights, MI",
    "Kent, WA",
    "Columbia, SC",
    "Santa Clara, CA",
    "New Haven, CT",
    "Stamford, CT",
    "Concord, CA",
    "Elizabeth, NJ",
    "Athens-Clarke County, GA",
    "Thousand Oaks, CA",
    "Lafayette, LA",
    "Simi Valley, CA",
    "Topeka, KS",
    "Norman, OK",
    "Fargo, ND",
    "Wilmington, NC",
    "Abilene, TX",
    "Odessa, TX",
    "Columbia, MO",
    "Pearland, TX",
    "Victorville, CA",
    "Hartford, CT",
    "Vallejo, CA",
    "Allentown, PA",
    "Berkeley, CA",
    "Richardson, TX",
    "Arvada, CO",
    "Ann Arbor, MI",
    "Rochester, MN",
    "Cambridge, MA",
    "Sugar Land, TX",
    "Lansing, MI",
    "Evansville, IN",
    "College Station, TX",
    "Fairfield, CA",
    "Clearwater, FL",
    "Beaumont, TX",
    "Independence, MO",
    "Provo, UT",
    "West Jordan, UT",
    "Murrieta, CA",
    "Palm Bay, FL",
    "El Monte, CA",
    "Carlsbad, CA",
    "North Charleston, SC",
    "Temecula, CA",
    "Clovis, CA",
    "Springfield, IL",
    "Meridian, ID",
    "Westminster, CO",
    "Costa Mesa, CA",
    "High Point, NC",
    "Manchester, NH",
    "Pueblo, CO",
    "Lakeland, FL",
    "Pompano Beach, FL",
    "West Palm Beach, FL",
    "Antioch, CA",
    "Everett, WA",
    "Downey, CA",
    "Lowell, MA",
    "Centennial, CO",
    "Elgin, IL",
    "Richmond, CA",
    "Peoria, IL",
    "Broken Arrow, OK",
    "Miami Gardens, FL",
    "Billings, MT",
    "Jurupa Valley, CA",
    "Sandy Springs, GA",
    "Gresham, OR",
    "Lewisville, TX",
    "Hillsboro, OR",
    "San Buenaventura (Ventura), CA",
    "Greeley, CO",
    "Inglewood, CA",
    "Waterbury, CT",
    "League City, TX",
    "Santa Maria, CA",
    "Tyler, TX",
    "Davie, FL",
    "Daly City, CA",
    "Boulder, CO",
    "Allen, TX",
    "West Covina, CA",
    "Sparks, NV",
    "Wichita Falls, TX",
    "Green Bay, WI",
    "San Mateo, CA",
    "Norwalk, CA",
    "Rialto, CA",
    "Las Cruces, NM",
    "Chico, CA",
    "El Cajon, CA",
    "Burbank, CA",
    "South Bend, IN",
    "Renton, WA",
    "Vista, CA",
    "Davenport, IA",
    "Edinburg, TX",
    "Tuscaloosa, AL",
    "Carmel, IN",
    "Spokane Valley, WA",
    "San Angelo, TX",
    "Vacaville, CA",
    "Bend, OR",
    "Kenosha, WI",
    "Boca Raton, FL",
    "Lee's Summit, MO",
    "Nampa, ID",
    "Rio Rancho, NM",
    "South Fulton, GA",
    "Roanoke, VA",
    "Beaverton, OR",
    "Yuma, AZ",
    "Lawrence, KS",
    "Orem, UT",
    "Longmont, CO",
    "San Marcos, CA",
    "Albany, NY",
    "Sandy, UT",
    "Concord, NC",
    "Federal Way, WA",
    "Hesperia, CA",
    "Brockton, MA",
    "Compton, CA",
    "Flint, MI",
    "Erie, PA",
    "New Bedford, MA",
    "Fishers, IN",
    "Sunrise, FL",
    "Roswell, GA",
    "Menifee, CA",
    "Tracy, CA",
    "Plantation, FL",
    "Quincy, MA",
    "Portsmouth, VA",
    "Mission Viejo, CA",
    "Chino, CA",
    "Lynn, MA",
    "Edmond, OK",
    "Dearborn, MI",
    "Livonia, MI",
    "Yakima, WA",
    "South Gate, CA",
    "Greenville, NC",
    "Lawton, OK",
    "Kirkland, WA",
    "Asheville, NC",
    "Deltona, FL",
    "Redding, CA",
    "Bellingham, WA",
    "Suffolk, VA",
    "Indio, CA",
    "Mount Pleasant, SC",
    "Carson, CA",
    "Santa Barbara, CA",
    "Conroe, TX",
    "Westminster, CA",
    "Santa Monica, CA",
    "New Braunfels, TX",
    "Livermore, CA",
    "Palm Coast, FL",
    "St. George, UT",
    "Fall River, MA",
    "Nashua, NH",
    "Champaign, IL",
    "Miami Beach, FL",
    "Norwalk, CT",
    "San Leandro, CA",
    "O'Fallon, MO",
    "Newton, MA",
    "Reading, PA",
    "Avondale, AZ",
    "Fort Smith, AR",
    "Citrus Heights, CA",
    "Ogden, UT",
    "Fayetteville, AR",
    "Fort Myers, FL",
    "Goodyear, AZ",
    "Bryan, TX",
    "Waukegan, IL",
    "Hawthorne, CA",
    "Redwood City, CA",
    "Hoover, AL",
    "Bloomington, IN",
    "Duluth, MN",
    "Lake Forest, CA",
    "Hemet, CA",
    "Whittier, CA",
    "Clifton, NJ",
    "Largo, FL",
    "Bloomington, MN",
    "Danbury, CT",
    "Santa Fe, NM",
    "Johns Creek, GA",
    "Newport Beach, CA",
    "Kennewick, WA",
    "Mission, TX",
    "Milpitas, CA",
    "Troy, MI",
    "Chino Hills, CA",
    "Alhambra, CA",
    "Merced, CA",
    "Trenton, NJ",
    "Franklin, TN",
    "Medford, OR",
    "Melbourne, FL",
    "Manteca, CA",
    "Mountain View, CA",
    "Sioux City, IA",
    "Lynchburg, VA",
    "Buena Park, CA",
    "Pleasanton, CA",
    "Longview, TX",
    "Westland, MI",
    "Auburn, WA",
    "Cranston, RI",
    "Somerville, MA",
    "Folsom, CA",
    "Springdale, AR",
    "Deerfield Beach, FL",
    "Warwick, RI",
    "Cicero, IL",
    "Farmington Hills, MI",
    "Brooklyn Park, MN",
    "Lawrence, MA",
    "Plymouth, MN",
    "Buckeye, AZ",
    "Georgetown, TX",
    "Cedar Park, TX",
    "Tustin, CA",
    "Lakewood, CA",
    "Perris, CA",
    "Flower Mound, TX",
    "Pharr, TX",
    "Loveland, CO",
    "Boynton Beach, FL",
    "New Rochelle, NY",
    "Temple, TX",
    "Lake Charles, LA",
    "Jonesboro, AR",
    "Napa, CA",
    "Parma, OH",
    "Layton, UT",
    "Alameda, CA",
    "Warner Robins, GA",
    "Rapid City, SD",
    "Bloomington, IL",
    "Gastonia, NC",
    "Baytown, TX",
    "Upland, CA",
    "Racine, WI",
    "Scranton, PA",
    "South Jordan, UT",
    "Bellflower, CA",
    "Kalamazoo, MI",
    "San Ramon, CA",
    "Bethlehem, PA",
    "Wyoming, MI",
    "Hammond, IN",
    "Missoula, MT",
    "Missouri City, TX",
    "Pasco, WA",
    "Baldwin Park, CA",
    "Iowa City, IA",
    "Rancho Cordova, CA",
    "Rock Hill, SC",
    "Flagstaff, AZ",
    "Gary, IN",
    "St. Joseph, MO",
    "Arlington Heights, IL",
    "Bolingbrook, IL",
    "Rochester Hills, MI",
    "Framingham, MA",
    "Union City, CA",
    "Appleton, WI",
    "Turlock, CA",
    "Camden, NJ",
    "Bismarck, ND",
    "Evanston, IL",
    "Apple Valley, CA",
    "Schaumburg, IL",
    "Woodbury, MN",
    "Kissimmee, FL",
    "Southfield, MI",
    "Maple Grove, MN",
    "Pittsburg, CA",
    "New Britain, CT",
    "Jacksonville, NC",
    "Mansfield, TX",
    "Waukesha, WI",
    "Frederick, MD",
    "Albany, GA",
    "Pawtucket, RI",
    "Redmond, WA",
    "Lauderhill, FL",
    "Lafayette, IN",
    "Gulfport, MS",
    "Redlands, CA",
    "Weston, FL",
    "St. Charles, MO",
    "Decatur, IL",
    "North Port, FL",
    "North Richland Hills, TX",
    "Greenville, SC",
    "Bowling Green, KY",
    "Broomfield, CO",
    "Canton, OH",
    "Marysville, WA",
    "Walnut Creek, CA",
    "Wilmington, DE",
    "Camarillo, CA",
    "Lynwood, CA",
    "Lehi, UT",
    "Passaic, NJ",
    "Homestead, FL",
    "Delray Beach, FL",
    "Davis, CA",
    "Lake Elsinore, CA",
    "Daytona Beach, FL",
    "Dothan, AL",
    "Rocklin, CA",
    "Eau Claire, WI",
    "Rogers, AR",
    "Castle Rock, CO",
    "St. Cloud, MN",
    "Bossier City, LA",
    "Rockville, MD",
    "Muncie, IN",
    "Gaithersburg, MD",
    "Union City, NJ",
    "West Des Moines, IA",
    "South San Francisco, CA",
    "Yorba Linda, CA",
    "Conway, AR",
    "Lodi, CA",
    "Palatine, IL",
    "Ankeny, IA",
    "Mount Vernon, NY",
    "Rowlett, TX",
    "Waterloo, IA",
    "Lakeville, MN",
    "Alpharetta, GA",
    "Jackson, TN",
    "Yuba City, CA",
    "Oshkosh, WI",
    "Victoria, TX",
    "Johnson City, TN",
    "Redondo Beach, CA",
    "Tamarac, FL",
    "Laguna Niguel, CA",
    "Eagan, MN",
    "Kenner, LA",
    "Auburn, AL",
    "Ames, IA",
    "Portland, ME",
    "North Little Rock, AR",
    "Sammamish, WA",
    "Madera, CA",
    "Shawnee, KS",
    "Jupiter, FL",
    "Doral, FL",
    "Blaine, MN",
    "Tulare, CA",
    "Youngstown, OH",
    "Wellington, FL",
    "Pflugerville, TX",
    "Palo Alto, CA",
    "Schenectady, NY",
    "Harlingen, TX",
    "Bayonne, NJ",
    "Eden Prairie, MN",
    "Port Orange, FL",
    "Dublin, CA",
    "San Marcos, TX",
    "Noblesville, IN",
    "Santa Cruz, CA",
    "Janesville, WI",
    "San Clemente, CA",
    "Brentwood, CA",
    "East Orange, NJ",
    "Cheyenne, WY",
    "Eastvale, CA",
    "Chapel Hill, NC",
    "Haverhill, MA",
    "Lorain, OH",
    "Grand Junction, CO",
    "Springfield, OR",
    "Coon Rapids, MN",
    "Idaho Falls, ID",
    "North Miami, FL",
    "Encinitas, CA",
    "Skokie, IL",
    "Leander, TX",
    "Waltham, MA",
    "Council Bluffs, IA",
    "Hamilton, OH",
    "Moore, OK",
    "Pico Rivera, CA",
    "Montebello, CA",
    "Millcreek, UT",
    "Sanford, FL",
    "National City, CA",
    "Burnsville, MN",
    "Coconut Creek, FL",
    "Lakewood, WA",
    "Taylor, MI",
    "Novi, MI",
    "Marietta, GA",
    "Ocala, FL",
    "Terre Haute, IN",
    "Woodland, CA",
    "Petaluma, CA",
    "La Habra, CA",
    "Malden, MA",
    "Commerce City, CO",
    "Owensboro, KY",
    "Bristol, CT",
    "West Allis, WI",
    "Taylorsville, UT",
    "Utica, NY",
    "Monterey Park, CA",
    "Bonita Springs, FL",
    "Porterville, CA",
    "Greenwood, IN",
    "Bartlett, TN",
    "Bradenton, FL",
    "Vineland, NJ",
    "Pontiac, MI",
    "Meriden, CT",
    "Gardena, CA",
    "Apex, NC",
    "Royal Oak, MI",
    "Cupertino, CA",
    "Lancaster, PA",
    "La Mesa, CA",
    "Gilroy, CA",
    "St. Clair Shores, MI",
    "Des Plaines, IL",
    "Springfield, OH",
    "Corvallis, OR",
    "Margate, FL",
    "Bowie, MD",
    "Casa Grande, AZ",
    "Caldwell, ID",
    "San Rafael, CA",
    "Great Falls, MT",
    "Sarasota, FL",
    "Richland, WA",
    "St. Peters, MO",
    "Hendersonville, TN",
    "White Plains, NY",
    "Huntersville, NC",
    "Santee, CA",
    "Kokomo, IN",
    "Arcadia, CA",
    "Casper, WY",
    "Dubuque, IA",
    "Orland Park, IL",
    "Weymouth Town, MA",
    "Parker, CO",
    "Palm Beach Gardens, FL",
    "Hanford, CA",
    "Huntington Park, CA",
    "Taunton, MA",
    "Midwest City, OK",
    "Medford, MA",
    "Euless, TX",
    "Shoreline, WA",
    "Smyrna, GA",
    "Pocatello, ID",
    "Valdosta, GA",
    "Carson City, NV",
    "Lake Havasu City, AZ",
    "Grand Forks, ND",
    "Blue Springs, MO",
    "Southaven, MS",
    "Tinley Park, IL",
    "Diamond Bar, CA",
    "New Brunswick, NJ",
    "Lenexa, KS",
    "Brookhaven, GA",
    "Novato, CA",
    "Tigard, OR",
    "Highland, CA",
    "Fountain Valley, CA",
    "Dearborn Heights, MI",
    "Albany, OR",
    "Grapevine, TX",
    "Apple Valley, MN",
    "Chicopee, MA",
    "Hempstead, NY",
    "Oak Lawn, IL",
    "Cathedral City, CA",
    "Bentonville, AR",
    "Stonecrest, GA",
    "Kettering, OH",
    "Colton, CA",
    "Anderson, IN",
    "West Haven, CT",
    "Burlington, NC",
    "Manhattan, KS",
    "St. Cloud, FL",
    "Normal, IL",
    "Decatur, AL",
    "Berwyn, IL",
    "Port Arthur, TX",
    "Kingsport, TN",
    "Minnetonka, MN",
    "Rosemead, CA",
    "Paramount, CA",
    "Rocky Mount, NC",
    "Yucaipa, CA",
    "Watsonville, CA",
    "Elyria, OH",
    "Leesburg, VA",
    "Mount Prospect, IL",
    "Pinellas Park, FL",
    "Delano, CA",
    "Bellevue, NE",
    "West Sacramento, CA",
    "Apopka, FL",
    "Palm Desert, CA",
    "Milford, CT",
    "Little Elm, TX",
    "Revere, MA",
    "Peabody, MA",
    "Wylie, TX",
    "Harrisonburg, VA",
    "DeSoto, TX",
    "Pensacola, FL",
    "Olympia, WA",
    "Edina, MN",
    "Wheaton, IL",
    "West New York, NJ",
    "Hoboken, NJ",
    "Lacey, WA",
    "Summerville, SC",
    "Coeur d'Alene, ID",
    "Oak Park, IL",
    "Elkhart, IN",
    "Maricopa, AZ",
    "Kentwood, MI",
    "Madison, AL",
    "Smyrna, TN",
    "Glendora, CA",
    "Logan, UT",
    "Burien, WA",
    "Perth Amboy, NJ",
    "Herriman, UT",
    "Grand Island, NE",
    "Placentia, CA",
    "La Crosse, WI",
    "Battle Creek, MI",
    "Beaumont, CA",
    "Collierville, TN",
    "West Lafayette, IN",
    "Florissant, MO",
    "Hoffman Estates, IL",
    "Joplin, MO",
    "Queen Creek, AZ",
    "Aliso Viejo, CA",
    "Kannapolis, NC",
    "Methuen, MA",
    "Galveston, TX",
    "Mishawaka, IN",
    "Plainfield, NJ",
    "Newark, OH",
    "Stillwater, OK",
    "Twin Falls, ID",
    "Texas City, TX"
  ],
  "canada": [
    "Toronto, ON",
    "Ottawa, ON",
    "Mississauga, ON",
    "Brampton, ON",
    "Hamilton, ON",
    "London, ON",
    "Markham, ON",
    "Vaughan, ON",
    "Kitchener, ON",
    "Windsor, ON",
    "Richmond Hill, ON",
    "Oakville, ON",
    "Burlington, ON",
    "Oshawa, ON",
    "Barrie, ON",
    "St. Catharines, ON",
    "Cambridge, ON",
    "Kingston, ON",
    "Guelph, ON",
    "Thunder Bay, ON",
    "Waterloo, ON",
    "Chatham-Kent, ON",
    "Brantford, ON",
    "Pickering, ON",
    "Niagara Falls, ON",
    "Newmarket, ON",
    "Milton, ON",
    "Halton Hills, ON",
    "Peterborough, ON",
    "Sault Ste. Marie, ON",
    "Sarnia, ON",
    "Whitby, ON",
    "Ajax, ON",
    "Clarington, ON",
    "Sudbury, ON",
    "Welland, ON",
    "Aurora, ON",
    "North Bay, ON",
    "Belleville, ON",
    "Cornwall, ON",
    "Georgina, ON",
    "Montreal, QC",
    "Quebec City, QC",
    "Laval, QC",
    "Gatineau, QC",
    "Longueuil, QC",
    "Sherbrooke, QC",
    "Levis, QC",
    "Saguenay, QC",
    "Trois-Rivieres, QC",
    "Terrebonne, QC",
    "Saint-Jean-sur-Richelieu, QC",
    "Repentigny, QC",
    "Brossard, QC",
    "Drummondville, QC",
    "Saint-Jerome, QC",
    "Granby, QC",
    "Blainville, QC",
    "Mirabel, QC",
    "Shawinigan, QC",
    "Dollard-des-Ormeaux, QC",
    "Rimouski, QC",
    "Victoriaville, QC",
    "Saint-Hyacinthe, QC",
    "Mascouche, QC",
    "Vancouver, BC",
    "Surrey, BC",
    "Burnaby, BC",
    "Richmond, BC",
    "Abbotsford, BC",
    "Coquitlam, BC",
    "Kelowna, BC",
    "Saanich, BC",
    "Victoria, BC",
    "Langley, BC",
    "Delta, BC",
    "Nanaimo, BC",
    "Kamloops, BC",
    "Chilliwack, BC",
    "Maple Ridge, BC",
    "New Westminster, BC",
    "Prince George, BC",
    "North Vancouver, BC",
    "Port Coquitlam, BC",
    "West Vancouver, BC",
    "Vernon, BC",
    "Mission, BC",
    "Campbell River, BC",
    "Langford, BC",
    "Courtenay, BC",
    "Penticton, BC",
    "White Rock, BC",
    "Calgary, AB",
    "Edmonton, AB",
    "Red Deer, AB",
    "Lethbridge, AB",
    "St. Albert, AB",
    "Medicine Hat, AB",
    "Grande Prairie, AB",
    "Airdrie, AB",
    "Spruce Grove, AB",
    "Leduc, AB",
    "Fort Saskatchewan, AB",
    "Okotoks, AB",
    "Cochrane, AB",
    "Lloydminster, AB",
    "Chestermere, AB",
    "Winnipeg, MB",
    "Brandon, MB",
    "Steinbach, MB",
    "Saskatoon, SK",
    "Regina, SK",
    "Prince Albert, SK",
    "Moose Jaw, SK",
    "Halifax, NS",
    "Cape Breton, NS",
    "Dartmouth, NS",
    "Moncton, NB",
    "Saint John, NB",
    "Fredericton, NB",
    "St. John's, NL",
    "Conception Bay South, NL",
    "Mount Pearl, NL",
    "Paradise, NL",
    "Charlottetown, PE"
  ],
  "search_queries": {
    "health_wellness": [
      "supplement store",
      "vitamin shop",
      "health food store",
      "nutrition store",
      "natural health store",
      "organic grocery",
      "wellness store",
      "herbal supplement shop",
      "sports nutrition store",
      "bodybuilding supplements",
      "protein supplements store",
      "fitness supplements",
      "muscle supplements",
      "workout supplements store",
      "fuel supplements",
      "pre workout supplements",
      "sports supplements",
      "gym supplements",
      "athletic supplements",
      "performance nutrition"
    ],
    "sporting_goods": [
      "sporting goods store",
      "outdoor gear store",
      "athletic store",
      "sports equipment store",
      "running shoe store",
      "golf shop",
      "tennis pro shop",
      "ski equipment store",
      "hockey store",
      "soccer store",
      "fishing tackle shop",
      "archery store",
      "climbing gear store",
      "surf shop",
      "lacrosse store"
    ],
    "apparel": [
      "clothing boutique",
      "fashion store",
      "apparel store",
      "clothing store",
      "yoga apparel store",
      "activewear store",
      "athleisure boutique",
      "workwear store",
      "denim shop",
      "outdoor clothing store"
    ],
    "pet_supplies": [
      "pet supply store",
      "pet food store",
      "pet shop"
    ],
    "beauty_cosmetics": [
      "beauty supply store",
      "cosmetics store",
      "makeup store"
    ],
    "specialty_food": [
      "gourmet food store",
      "specialty grocery",
      "cheese shop",
      "spice shop"
    ],
    "running_athletic": [
      "running store",
      "triathlon store",
      "marathon store",
      "track and field store"
    ],
    "cycling": [
      "bike shop",
      "bicycle store",
      "cycling store",
      "mountain bike shop"
    ],
    "outdoor_camping": [
      "camping store",
      "hiking gear store",
      "backpacking store",
      "kayak shop",
      "canoe outfitter",
      "outdoor adventure store",
      "mountaineering shop"
    ],
    "baby_kids": [
      "baby store",
      "children's clothing store",
      "kids store"
    ],
    "home_goods": [
      "kitchenware store",
      "home goods store",
      "cookware store"
    ]
  },
  "known_large_chains": [
    "gnc",
    "vitamin shoppe",
    "the vitamin shoppe",
    "cvs",
    "walgreens",
    "rite aid",
    "dicks sporting goods",
    "academy sports",
    "rei",
    "bass pro shops",
    "cabelas",
    "gap",
    "old navy",
    "h&m",
    "zara",
    "forever 21",
    "lululemon",
    "foot locker",
    "finish line",
    "petco",
    "petsmart",
    "pet supplies plus",
    "ulta",
    "sephora",
    "sally beauty",
    "whole foods",
    "trader joes",
    "sprouts",
    "fleet feet",
    "road runner sports",
    "trek bicycle",
    "performance bicycle",
    "camping world",
    "buy buy baby",
    "carters",
    "oshkosh",
    "williams sonoma",
    "sur la table",
    "crate and barrel",
    "bed bath beyond",
    "nike",
    "adidas",
    "under armour",
    "new balance",
    "puma",
    "reebok",
    "athleta",
    "fabletics",
    "columbia",
    "big 5",
    "hibbett sports",
    "scheels",
    "sportsmans warehouse",
    "vitamin world",
    "complete nutrition",
    "max muscle",
    "uniqlo",
    "express",
    "american eagle",
    "aeropostale",
    "hollister",
    "abercrombie",
    "banana republic",
    "j crew",
    "north face",
    "the north face",
    "patagonia",
    "eddie bauer",
    "ll bean",
    "asics",
    "brooks",
    "saucony",
    "hoka",
    "on running",
    "target",
    "walmart",
    "costco",
    "sams club",
    "best buy",
    "macys",
    "nordstrom",
    "kohls",
    "jcpenney",
    "ross",
    "tj maxx",
    "marshalls",
    "save on foods",
    "save-on-foods",
    "sobeys",
    "loblaws",
    "real canadian superstore",
    "no frills",
    "shoppers drug mart",
    "london drugs",
    "rexall",
    "canadian tire",
    "sport chek",
    "atmosphere",
    "marks",
    "winners",
    "homesense",
    "dollarama",
    "metro",
    "iga",
    "safeway",
    "thrifty foods",
    "freshco",
    "food basics",
    "superstore",
    "walmart canada",
    "costco canada",
    "staples",
    "the source",
    "best buy canada",
    "home depot",
    "lowes",
    "rona",
    "home hardware",
    "toys r us",
    "indigo",
    "chapters",
    "bulk barn",
    "booster juice",
    "jugo juice",
    "golds gym",
    "goodlife fitness",
    "anytime fitness",
    "planet fitness",
    "giant food",
    "giant eagle",
    "food lion",
    "publix",
    "kroger",
    "albertsons",
    "aldi",
    "lidl",
    "winn dixie",
    "heb",
    "meijer",
    "piggly wiggly",
    "ctown supermarkets",
    "bravo supermarkets",
    "airgas",
    "herbalife",
    "burn boot camp",
    "orangetheory",
    "f45 training",
    "crunch fitness",
    "equinox",
    "lifetime fitness",
    "la fitness",
    "24 hour fitness",
    "snap fitness"
  ],
  "chain_filter": {
    "max_cities": 20
  },
  "ecommerce": {
    "concurrency": 5,
    "pages_to_check": 3
  },
  "search": {
    "concurrency": 10
  },
  "llm": {
    "enabled": true,
    "provider": "openai",
    "model": "gpt-4o-mini"
  },
  "enrichment": {
    "enabled": true,
    "provider": "apollo",
    "max_contacts": 4,
    "use_playwright": true,
    "cookie_file": ""
  },
  "email_verification": {
    "enabled": false,
    "verify_smtp": false,
    "include_risky": false
  },
  "quality_gate": {
    "max_locations": 10,
    "max_employees": 500
  },
  "health_check": {
    "concurrency": 50
  },
  "discovery": {
    "nearby_grid": {
      "enabled": true,
      "offset_km": 20,
      "radius_meters": 15000,
      "points": "cardinal"
    }
  }
}
